image_id,file_name,coco_url,flickr_url,license_url,width,height,person_x,person_y,person_width,person_height,person_box_area,home_objects,home_score
256731,000000256731.jpg,http://images.cocodataset.org/train2017/000000256731.jpg,http://farm3.staticflickr.com/2734/4328787520_a4fd5412d0_z.jpg,http://creativecommons.org/licenses/by/2.0/,640,480,0.665921875,0.0179375,0.227015625,0.677125,0.08946085742187503,chair;dining table;microwave;oven;refrigerator;sink;tv,57.894609
252998,000000252998.jpg,http://images.cocodataset.org/train2017/000000252998.jpg,http://farm6.staticflickr.com/5043/5307654241_1ca723e937_z.jpg,http://creativecommons.org/licenses/by/2.0/,640,259,0.689375,0.05637065637065637,0.31062500000000004,0.8967181467181468,0.14463042410714283,couch;dining table;microwave;oven;refrigerator;sink,56.446304
75842,000000075842.jpg,http://images.cocodataset.org/train2017/000000075842.jpg,http://farm4.staticflickr.com/3254/3145233357_5e0cbd9a63_z.jpg,http://creativecommons.org/licenses/by-nc-nd/2.0/,500,375,0.46516,0.22472,0.47192,0.7595466666666666,0.20967138506666663,chair;dining table;microwave;oven;refrigerator;sink,51.096714
510063,000000510063.jpg,http://images.cocodataset.org/train2017/000000510063.jpg,http://farm6.staticflickr.com/5173/5487708496_73dee30c41_z.jpg,http://creativecommons.org/licenses/by-nd/2.0/,640,427,0.65775,0.3704449648711944,0.29485937500000003,0.6295550351288056,0.11031501481996485,book;couch;dining table;microwave;sink;tv,50.10315
503567,000000503567.jpg,http://images.cocodataset.org/train2017/000000503567.jpg,http://farm1.staticflickr.com/46/133839334_d91034aae9_z.jpg,http://creativecommons.org/licenses/by-nc-nd/2.0/,500,382,0.00164,0.5075392670157068,0.36476,0.4709424083769634,0.10938778193717275,couch;dining table;microwave;oven;refrigerator,50.093878
507570,000000507570.jpg,http://images.cocodataset.org/train2017/000000507570.jpg,http://farm9.staticflickr.com/8063/8268543138_1fecc3c680_z.jpg,http://creativecommons.org/licenses/by-sa/2.0/,640,480,0.0,0.49341666666666667,0.25370312500000003,0.4962916666666667,0.0811131652018229,chair;dining table;microwave;oven;refrigerator;sink,49.811132
121748,000000121748.jpg,http://images.cocodataset.org/train2017/000000121748.jpg,http://farm4.staticflickr.com/3631/3632324445_ab05d7efa2_z.jpg,http://creativecommons.org/licenses/by-nc-sa/2.0/,480,640,0.006,0.136265625,0.5645625,0.8581093750000001,0.34369206624348964,bed;couch;dining table;refrigerator,48.436921
515210,000000515210.jpg,http://images.cocodataset.org/train2017/000000515210.jpg,http://farm9.staticflickr.com/8460/8048794801_43ffaa02a3_z.jpg,http://creativecommons.org/licenses/by-nc-nd/2.0/,640,190,0.861921875,0.0,0.138078125,1.0,0.09632630345394741,dining table;microwave;oven;refrigerator;sink,47.963263
295630,000000295630.jpg,http://images.cocodataset.org/train2017/000000295630.jpg,http://farm4.staticflickr.com/3660/3373349806_70c41d85d2_z.jpg,http://creativecommons.org/licenses/by-nd/2.0/,375,500,0.36392,0.393,0.53392,0.55032,0.10518295759999999,bed;chair;couch;dining table;tv,46.05183
1145,000000001145.jpg,http://images.cocodataset.org/train2017/000000001145.jpg,http://farm6.staticflickr.com/5476/9365887775_1800451498_z.jpg,http://creativecommons.org/licenses/by-nc-sa/2.0/,640,480,0.07078124999999999,0.11291666666666668,0.33034375,0.8764166666666667,0.15876247786458328,book;chair;couch;dining table;oven;refrigerator,45.587625
183247,000000183247.jpg,http://images.cocodataset.org/train2017/000000183247.jpg,http://farm1.staticflickr.com/158/439632518_ca01335e54_z.jpg,http://creativecommons.org/licenses/by-nc-sa/2.0/,640,480,0.268578125,0.025895833333333333,0.46115625,0.9639791666666666,0.2047246479492188,chair;couch;oven;remote;sink;tv,45.047246
224164,000000224164.jpg,http://images.cocodataset.org/train2017/000000224164.jpg,http://farm9.staticflickr.com/8102/8514237925_466c8b08ae_z.jpg,http://creativecommons.org/licenses/by-nc-sa/2.0/,640,480,0.064046875,0.15916666666666668,0.466859375,0.8292291666666666,0.20016316389973957,chair;couch;dining table;oven;refrigerator,45.001632
526597,000000526597.jpg,http://images.cocodataset.org/train2017/000000526597.jpg,http://farm1.staticflickr.com/181/439630565_39643025be_z.jpg,http://creativecommons.org/licenses/by-nc-sa/2.0/,640,480,0.3994375,0.08502083333333334,0.342140625,0.896625,0.1762065927734375,chair;couch;dining table;refrigerator;remote;sink,44.762066
22863,000000022863.jpg,http://images.cocodataset.org/train2017/000000022863.jpg,http://farm7.staticflickr.com/6227/6340221059_06f9d6e1e1_z.jpg,http://creativecommons.org/licenses/by-nc-nd/2.0/,640,478,0.57271875,0.35426778242677825,0.42728124999999995,0.6457322175732217,0.14567841968488499,chair;couch;dining table;refrigerator;remote;sink,44.456784
469914,000000469914.jpg,http://images.cocodataset.org/train2017/000000469914.jpg,http://farm4.staticflickr.com/3115/3136645872_6f031cf3ef_z.jpg,http://creativecommons.org/licenses/by-nc-sa/2.0/,640,480,0.33725,0.029291666666666667,0.357375,0.9597291666666667,0.22507291048177075,book;chair;couch;dining table;refrigerator;sink,44.250729
152060,000000152060.jpg,http://images.cocodataset.org/train2017/000000152060.jpg,http://farm9.staticflickr.com/8249/8541637395_cd52051b95_z.jpg,http://creativecommons.org/licenses/by-nc/2.0/,640,360,0.29259375,0.0025,0.29512499999999997,0.6726388888888889,0.116940529296875,chair;dining table;oven;refrigerator;remote;sink,44.169405
518321,000000518321.jpg,http://images.cocodataset.org/train2017/000000518321.jpg,http://farm1.staticflickr.com/53/114002446_4010fb6d53_z.jpg,http://creativecommons.org/licenses/by-nc-sa/2.0/,480,640,0.023916666666666666,0.013718749999999998,0.6337916666666668,0.9327343750000001,0.29905725813802086,dining table;oven;refrigerator;remote;sink,43.990573
328462,000000328462.jpg,http://images.cocodataset.org/train2017/000000328462.jpg,http://farm1.staticflickr.com/53/142713702_289c4dbe06_z.jpg,http://creativecommons.org/licenses/by-nc-sa/2.0/,640,426,0.001421875,0.15652582159624415,0.39054687499999996,0.8425117370892019,0.19547967943075115,chair;dining table;oven;refrigerator;remote;tv,43.954797
491241,000000491241.jpg,http://images.cocodataset.org/train2017/000000491241.jpg,http://farm6.staticflickr.com/5299/5555622675_06358c0413_z.jpg,http://creativecommons.org/licenses/by-nc-sa/2.0/,640,480,0.13590625,0.3852083333333333,0.53859375,0.6147916666666666,0.09454850472005208,couch;oven;refrigerator;remote;sink,43.945485
570968,000000570968.jpg,http://images.cocodataset.org/train2017/000000570968.jpg,http://farm3.staticflickr.com/2111/2270198428_64f5cef093_z.jpg,http://creativecommons.org/licenses/by-nc/2.0/,640,597,0.57596875,0.08649916247906198,0.221203125,0.7472026800670016,0.08637017103747904,chair;couch;dining table;microwave;refrigerator,43.863702
80311,000000080311.jpg,http://images.cocodataset.org/train2017/000000080311.jpg,http://farm8.staticflickr.com/7029/6568996603_0fef21a992_z.jpg,http://creativecommons.org/licenses/by/2.0/,640,480,0.010109375,0.1528125,0.385953125,0.8314583333333334,0.16966933577473958,chair;couch;dining table;oven;sink,43.696693
187001,000000187001.jpg,http://images.cocodataset.org/train2017/000000187001.jpg,http://farm5.staticflickr.com/4033/4396210271_6414cf3762_z.jpg,http://creativecommons.org/licenses/by/2.0/,640,469,0.094421875,0.33893390191897654,0.328453125,0.5656716417910448,0.11612988506130065,book;chair;dining table;microwave;refrigerator;sink,43.161299
303626,000000303626.jpg,http://images.cocodataset.org/train2017/000000303626.jpg,http://farm9.staticflickr.com/8245/8609288179_1f3d926c3f_z.jpg,http://creativecommons.org/licenses/by-sa/2.0/,640,429,0.09037500000000001,0.054079254079254076,0.28921874999999997,0.9191142191142191,0.11067577742569933,book;chair;dining table;oven;refrigerator;sink,43.106758
345188,000000345188.jpg,http://images.cocodataset.org/train2017/000000345188.jpg,http://farm1.staticflickr.com/76/231288701_fd8e3e0d63_z.jpg,http://creativecommons.org/licenses/by-nc-nd/2.0/,640,480,0.11292187499999999,0.21279166666666666,0.616859375,0.6584375,0.20751633138020834,couch;dining table;microwave;refrigerator,43.075163
360334,000000360334.jpg,http://images.cocodataset.org/train2017/000000360334.jpg,http://farm7.staticflickr.com/6176/6204386681_b425c4d419_z.jpg,http://creativecommons.org/licenses/by-nd/2.0/,640,427,0.336515625,0.19807962529274004,0.269875,0.7885714285714286,0.13867022083577282,bed;microwave;oven;refrigerator,42.386702
433296,000000433296.jpg,http://images.cocodataset.org/train2017/000000433296.jpg,http://farm7.staticflickr.com/6146/6204908628_8bca1f44d4_z.jpg,http://creativecommons.org/licenses/by/2.0/,640,480,0.058984375,0.17304166666666668,0.32528125,0.8247083333333334,0.13671578597005207,chair;dining table;oven;refrigerator;sink,42.367158
279803,000000279803.jpg,http://images.cocodataset.org/train2017/000000279803.jpg,http://farm8.staticflickr.com/7005/6678085053_b11a8d5080_z.jpg,http://creativecommons.org/licenses/by-nc-nd/2.0/,640,480,0.46115625,0.0033750000000000004,0.5388437500000001,0.9819791666666667,0.3277566368815105,dining table;microwave;refrigerator;sink,42.277566
12754,000000012754.jpg,http://images.cocodataset.org/train2017/000000012754.jpg,http://farm9.staticflickr.com/8220/8401562399_6478f5ffa6_z.jpg,http://creativecommons.org/licenses/by/2.0/,640,640,0.32584375,0.026968750000000003,0.366296875,0.6494375,0.11911281420898433,chair;dining table;oven;refrigerator;sink,42.191128
144056,000000144056.jpg,http://images.cocodataset.org/train2017/000000144056.jpg,http://farm8.staticflickr.com/7159/6420612993_de5180326f_z.jpg,http://creativecommons.org/licenses/by/2.0/,640,426,0.073296875,0.1821830985915493,0.26325,0.7977464788732394,0.11899053147007044,chair;dining table;microwave;refrigerator;sink,42.189905
515850,000000515850.jpg,http://images.cocodataset.org/train2017/000000515850.jpg,http://farm1.staticflickr.com/144/385892781_3da8f7356c_z.jpg,http://creativecommons.org/licenses/by-nc-sa/2.0/,375,500,0.0,0.5191,0.8958933333333333,0.4809,0.3104290101333334,bed;chair;couch;dining table;remote,42.10429
10138,000000010138.jpg,http://images.cocodataset.org/train2017/000000010138.jpg,http://farm9.staticflickr.com/8098/8506152881_ecf43c76c3_z.jpg,http://creativecommons.org/licenses/by-nc-nd/2.0/,640,480,0.310109375,0.11910416666666666,0.3539375,0.4719166666666667,0.10268522184244792,chair;dining table;oven;refrigerator;sink,42.026852
444794,000000444794.jpg,http://images.cocodataset.org/train2017/000000444794.jpg,http://farm8.staticflickr.com/7006/6665622491_ffaa32b8c7_z.jpg,http://creativecommons.org/licenses/by-nc-nd/2.0/,640,428,0.332875,0.14913551401869157,0.1701875,0.8370560747663551,0.08164395206629672,book;chair;microwave;oven;refrigerator;sink,41.81644
539737,000000539737.jpg,http://images.cocodataset.org/train2017/000000539737.jpg,http://farm6.staticflickr.com/5339/9014874363_36e023ba79_z.jpg,http://creativecommons.org/licenses/by-nc-nd/2.0/,640,439,0.627234375,0.381753986332574,0.239453125,0.6081093394077448,0.0802369935222096,chair;dining table;oven;refrigerator;sink,41.80237
468917,000000468917.jpg,http://images.cocodataset.org/train2017/000000468917.jpg,http://farm9.staticflickr.com/8462/8021351489_2b762874f7_z.jpg,http://creativecommons.org/licenses/by-nc-nd/2.0/,640,480,0.41723437499999994,0.03716666666666667,0.400328125,0.6418958333333333,0.15090251757812506,chair;dining table;microwave;oven;refrigerator,41.509025
337662,000000337662.jpg,http://images.cocodataset.org/train2017/000000337662.jpg,http://farm3.staticflickr.com/2368/5722126948_50e40cb916_z.jpg,http://creativecommons.org/licenses/by-sa/2.0/,640,427,0.19040625,0.4667213114754098,0.54425,0.5191100702576112,0.11824675497658083,chair;dining table;microwave;oven;refrigerator,41.182468
544432,000000544432.jpg,http://images.cocodataset.org/train2017/000000544432.jpg,http://farm9.staticflickr.com/8486/8205142221_68d1dc307c_z.jpg,http://creativecommons.org/licenses/by-nc-nd/2.0/,640,479,0.41426562499999997,0.4310855949895616,0.308,0.5689144050104384,0.11790705473643007,chair;dining table;microwave;oven;refrigerator,41.179071
485771,000000485771.jpg,http://images.cocodataset.org/train2017/000000485771.jpg,http://farm9.staticflickr.com/8028/7330559346_a27fa78b37_z.jpg,http://creativecommons.org/licenses/by-nc-sa/2.0/,640,427,0.321234375,0.24196721311475408,0.36901562499999996,0.6123653395784544,0.11311414721165106,chair;dining table;microwave;oven;refrigerator,41.131141
25860,000000025860.jpg,http://images.cocodataset.org/train2017/000000025860.jpg,http://farm9.staticflickr.com/8167/7480146442_b7080a23f2_z.jpg,http://creativecommons.org/licenses/by-nc-nd/2.0/,640,480,0.198875,0.0471875,0.21742187500000001,0.80225,0.09647313411458332,book;dining table;oven;refrigerator;sink,40.964731
96222,000000096222.jpg,http://images.cocodataset.org/train2017/000000096222.jpg,http://farm3.staticflickr.com/2366/2532587814_e0273938e1_z.jpg,http://creativecommons.org/licenses/by/2.0/,640,480,0.31678125,0.0045625,0.49143749999999997,0.7922499999999999,0.19404777180989582,dining table;microwave;refrigerator;sink,40.940478
255226,000000255226.jpg,http://images.cocodataset.org/train2017/000000255226.jpg,http://farm5.staticflickr.com/4070/4706693664_635ba855d0_z.jpg,http://creativecommons.org/licenses/by-nc/2.0/,640,480,0.082578125,0.0022500000000000003,0.49887499999999996,0.9865208333333333,0.2591257337239584,microwave;oven;refrigerator;sink,40.591257
181829,000000181829.jpg,http://images.cocodataset.org/train2017/000000181829.jpg,http://farm3.staticflickr.com/2829/10126435356_5d9c395e7d_z.jpg,http://creativecommons.org/licenses/by-nc-nd/2.0/,640,489,0.050015624999999994,0.21388548057259715,0.308734375,0.7133128834355829,0.11752660579626781,dining table;oven;refrigerator;sink,40.175266
303076,000000303076.jpg,http://images.cocodataset.org/train2017/000000303076.jpg,http://farm8.staticflickr.com/7055/6977886237_b97aae6111_z.jpg,http://creativecommons.org/licenses/by-nc/2.0/,640,427,0.49192187499999995,0.14114754098360657,0.24314062500000003,0.5201405152224824,0.08522366254391102,dining table;oven;refrigerator;sink,39.852237
63662,000000063662.jpg,http://images.cocodataset.org/train2017/000000063662.jpg,http://farm4.staticflickr.com/3291/2481545206_9af1a16cdb_z.jpg,http://creativecommons.org/licenses/by-nc-sa/2.0/,640,480,0.011765625,0.0025,0.38678124999999997,0.9820625,0.2844728092447916,bed;book;couch;remote;tv,39.844728
67207,000000067207.jpg,http://images.cocodataset.org/train2017/000000067207.jpg,http://farm1.staticflickr.com/117/308625649_68dca1eb77_z.jpg,http://creativecommons.org/licenses/by-nc-sa/2.0/,640,480,0.151625,0.09564583333333333,0.357796875,0.9043541666666666,0.1708076013997396,book;chair;couch;dining table;refrigerator;remote,39.708076
91263,000000091263.jpg,http://images.cocodataset.org/train2017/000000091263.jpg,http://farm3.staticflickr.com/2516/3732374801_430e243a8e_z.jpg,http://creativecommons.org/licenses/by-nc-sa/2.0/,640,480,0.42809375000000005,0.033854166666666664,0.3016875,0.9483125,0.16540102164713544,microwave;oven;refrigerator;sink,39.65401
147054,000000147054.jpg,http://images.cocodataset.org/train2017/000000147054.jpg,http://farm3.staticflickr.com/2272/2148928111_e43070d9e2_z.jpg,http://creativecommons.org/licenses/by-nc-sa/2.0/,480,640,0.23927083333333332,0.28523437500000004,0.4622083333333334,0.71415625,0.16096164192708332,microwave;oven;refrigerator;sink,39.609616
475510,000000475510.jpg,http://images.cocodataset.org/train2017/000000475510.jpg,http://farm1.staticflickr.com/23/25123391_51b978d0e0_z.jpg,http://creativecommons.org/licenses/by-nc-sa/2.0/,640,480,0.18167187499999998,0.20897916666666666,0.39642187500000003,0.710125,0.15553533610026038,microwave;oven;refrigerator;sink,39.555353
296360,000000296360.jpg,http://images.cocodataset.org/train2017/000000296360.jpg,http://farm6.staticflickr.com/5017/5551478319_78be564dc5_z.jpg,http://creativecommons.org/licenses/by-nc-nd/2.0/,640,427,0.710671875,0.05168618266978923,0.289328125,0.7730444964871194,0.1538162190793326,microwave;oven;refrigerator;sink,39.538162
334098,000000334098.jpg,http://images.cocodataset.org/train2017/000000334098.jpg,http://farm9.staticflickr.com/8242/8672938539_772c47df7c_z.jpg,http://creativecommons.org/licenses/by/2.0/,640,422,0.551203125,0.24985781990521327,0.32325,0.6625118483412322,0.1324406201866114,microwave;oven;refrigerator;sink,39.324406
99511,000000099511.jpg,http://images.cocodataset.org/train2017/000000099511.jpg,http://farm6.staticflickr.com/5109/5618049905_beeee0fa43_z.jpg,http://creativecommons.org/licenses/by-nc-sa/2.0/,640,425,0.05600000000000001,0.19694117647058823,0.197390625,0.7979764705882353,0.10540624724264706,microwave;oven;refrigerator;sink,39.054062
135356,000000135356.jpg,http://images.cocodataset.org/train2017/000000135356.jpg,http://farm8.staticflickr.com/7066/6778838650_f621a8d2f8_z.jpg,http://creativecommons.org/licenses/by-nc/2.0/,640,480,0.27978125,0.197375,0.19718750000000002,0.7910208333333333,0.09400068766276043,couch;refrigerator;sink;tv,38.940007
264092,000000264092.jpg,http://images.cocodataset.org/train2017/000000264092.jpg,http://farm9.staticflickr.com/8247/8593035684_3101e41c54_z.jpg,http://creativecommons.org/licenses/by-nc-nd/2.0/,640,427,0.67071875,2.34192037470726e-05,0.32928124999999997,0.5132084309133489,0.0932328650102459,dining table;microwave;oven;refrigerator,38.932329
528851,000000528851.jpg,http://images.cocodataset.org/train2017/000000528851.jpg,http://farm3.staticflickr.com/2767/4180093270_c37a61977d_z.jpg,http://creativecommons.org/licenses/by-nc-sa/2.0/,640,480,0.6970156249999999,0.10152083333333332,0.19628125000000002,0.6267083333333333,0.08414319173177086,chair;dining table;refrigerator;sink;tv,38.841432
389108,000000389108.jpg,http://images.cocodataset.org/train2017/000000389108.jpg,http://farm4.staticflickr.com/3143/2338887743_2ef51463b6_z.jpg,http://creativecommons.org/licenses/by-nc-nd/2.0/,640,480,0.38932812499999997,0.3550625,0.411234375,0.6314583333333333,0.14285987858072915,book;chair;couch;refrigerator;remote;tv,38.428599
435807,000000435807.jpg,http://images.cocodataset.org/train2017/000000435807.jpg,http://farm4.staticflickr.com/3141/2725435457_08c3b18cb6_z.jpg,http://creativecommons.org/licenses/by-nc-sa/2.0/,640,480,0.02384375,0.45216666666666666,0.447484375,0.5478333333333333,0.12422657226562504,bed;book;couch;remote;tv,38.242266
304186,000000304186.jpg,http://images.cocodataset.org/train2017/000000304186.jpg,http://farm2.staticflickr.com/1405/1359678960_05712718b7_z.jpg,http://creativecommons.org/licenses/by-nc/2.0/,640,480,0.182890625,0.0069375,0.7164375,0.977625,0.31583649235026057,chair;couch;dining table;microwave;remote,38.158365
3716,000000003716.jpg,http://images.cocodataset.org/train2017/000000003716.jpg,http://farm6.staticflickr.com/5298/5530246897_fc14d80600_z.jpg,http://creativecommons.org/licenses/by-nc-sa/2.0/,640,480,0.345453125,0.23297916666666665,0.2824375,0.61525,0.11208336344401044,bed;book;couch;oven;remote,38.120834
115158,000000115158.jpg,http://images.cocodataset.org/train2017/000000115158.jpg,http://farm4.staticflickr.com/3334/3514473636_387a98a887_z.jpg,http://creativecommons.org/licenses/by/2.0/,640,360,0.08215625,0.0023888888888888887,0.52584375,0.9820277777777777,0.3091847808159721,chair;couch;dining table;refrigerator,38.091848
120792,000000120792.jpg,http://images.cocodataset.org/train2017/000000120792.jpg,http://farm1.staticflickr.com/151/341629425_2319f303b1_z.jpg,http://creativecommons.org/licenses/by/2.0/,640,480,0.7398906249999999,0.3438125,0.260109375,0.6449583333333333,0.10880477978515629,book;chair;couch;refrigerator;remote;tv,38.088048
367398,000000367398.jpg,http://images.cocodataset.org/train2017/000000367398.jpg,http://farm1.staticflickr.com/143/332351973_afe74dc073_z.jpg,http://creativecommons.org/licenses/by-sa/2.0/,640,480,0.249453125,0.0016250000000000001,0.36609375,0.9827083333333333,0.18858046549479165,bed;couch;remote;tv,37.885805
331863,000000331863.jpg,http://images.cocodataset.org/train2017/000000331863.jpg,http://farm6.staticflickr.com/5245/5351344293_9674a3d37b_z.jpg,http://creativecommons.org/licenses/by/2.0/,640,431,0.62653125,0.35336426914153135,0.37346875,0.6359628770301625,0.16883557170823665,book;chair;couch;dining table;refrigerator,37.688356
341132,000000341132.jpg,http://images.cocodataset.org/train2017/000000341132.jpg,http://farm6.staticflickr.com/5459/9639102351_92be46f111_z.jpg,http://creativecommons.org/licenses/by-nc/2.0/,640,428,0.544015625,0.026962616822429904,0.40425000000000005,0.7640420560747664,0.15167334440712607,chair;dining table;microwave;oven;sink,37.516733
129871,000000129871.jpg,http://images.cocodataset.org/train2017/000000129871.jpg,http://farm3.staticflickr.com/2585/3682224880_3e98d2556f_z.jpg,http://creativecommons.org/licenses/by-nc-nd/2.0/,640,480,0.36348437499999997,0.26658333333333334,0.291984375,0.7300208333333333,0.15143612304687498,book;chair;couch;dining table;remote;tv,37.514361
538580,000000538580.jpg,http://images.cocodataset.org/train2017/000000538580.jpg,http://farm4.staticflickr.com/3766/10060506085_b2edac865c_z.jpg,http://creativecommons.org/licenses/by-nc/2.0/,640,480,0.030265625,0.18635416666666668,0.375,0.7713125000000001,0.14932311214192703,chair;dining table;microwave;oven;sink,37.493231
551303,000000551303.jpg,http://images.cocodataset.org/train2017/000000551303.jpg,http://farm4.staticflickr.com/3234/3045607270_4851b9f7ea_z.jpg,http://creativecommons.org/licenses/by-nc-nd/2.0/,640,428,0.243453125,0.07827102803738317,0.734875,0.9101168224299064,0.441251511937792,bed;book;couch;dining table,37.412515
526085,000000526085.jpg,http://images.cocodataset.org/train2017/000000526085.jpg,http://farm3.staticflickr.com/2893/9305610201_b4de589dc9_z.jpg,http://creativecommons.org/licenses/by-nc-nd/2.0/,478,640,0.0,0.17040625,0.8936192468619246,0.586515625,0.23272309084074264,chair;couch;dining table;refrigerator,37.327231
50885,000000050885.jpg,http://images.cocodataset.org/train2017/000000050885.jpg,http://farm2.staticflickr.com/1123/874818950_ee86749324_z.jpg,http://creativecommons.org/licenses/by-nc-sa/2.0/,640,480,0.22753125000000002,0.2,0.37415625,0.6966249999999999,0.1290191748046875,book;chair;couch;dining table;remote;tv,37.290192
99477,000000099477.jpg,http://images.cocodataset.org/train2017/000000099477.jpg,http://farm9.staticflickr.com/8425/7791961066_7d7dfafd3c_z.jpg,http://creativecommons.org/licenses/by-nc-sa/2.0/,480,640,0.13183333333333333,0.39775,0.4734166666666667,0.586515625,0.12110641520182291,bed;chair;couch;tv,37.211064
542570,000000542570.jpg,http://images.cocodataset.org/train2017/000000542570.jpg,http://farm4.staticflickr.com/3670/9115098038_89db0781b4_z.jpg,http://creativecommons.org/licenses/by-nc-sa/2.0/,425,640,0.5549411764705883,0.0858125,0.3184470588235294,0.6477968749999999,0.10960788860294118,chair;dining table;microwave;oven;sink,37.096079
557081,000000557081.jpg,http://images.cocodataset.org/train2017/000000557081.jpg,http://farm2.staticflickr.com/1162/1354998471_63aa67eb44_z.jpg,http://creativecommons.org/licenses/by/2.0/,640,428,0.5335,0.2808878504672897,0.335125,0.707873831775701,0.10827164044246497,bed;chair;dining table;remote;tv,37.082716
293899,000000293899.jpg,http://images.cocodataset.org/train2017/000000293899.jpg,http://farm4.staticflickr.com/3187/2484799024_a1f5d03a7e_z.jpg,http://creativecommons.org/licenses/by-nc-sa/2.0/,640,480,0.0,0.3573125,0.27471875,0.6314583333333333,0.10746294612630208,book;chair;couch;dining table;remote;tv,37.074629
351489,000000351489.jpg,http://images.cocodataset.org/train2017/000000351489.jpg,http://farm3.staticflickr.com/2525/3801643297_d632c34498_z.jpg,http://creativecommons.org/licenses/by-nc/2.0/,640,480,0.042765625,0.16466666666666668,0.26378124999999997,0.8353333333333333,0.10701807747395828,book;chair;couch;dining table;remote;tv,37.070181
259060,000000259060.jpg,http://images.cocodataset.org/train2017/000000259060.jpg,http://farm2.staticflickr.com/1038/907197384_ec53598ad1_z.jpg,http://creativecommons.org/licenses/by-nc/2.0/,640,427,0.1664375,0.20430913348946134,0.48496875,0.7827868852459017,0.1035555728556792,book;chair;couch;dining table;remote;tv,37.035556
175480,000000175480.jpg,http://images.cocodataset.org/train2017/000000175480.jpg,http://farm3.staticflickr.com/2442/3836719963_4e7fa5c8b3_z.jpg,http://creativecommons.org/licenses/by/2.0/,500,375,0.0,0.28922666666666663,0.43386,0.5,0.0974121338666667,chair;dining table;microwave;oven;sink,36.974121
294652,000000294652.jpg,http://images.cocodataset.org/train2017/000000294652.jpg,http://farm4.staticflickr.com/3238/2422606189_f78a79913f_z.jpg,http://creativecommons.org/licenses/by-nc/2.0/,640,426,0.269140625,0.2861737089201878,0.1906875,0.7138262910798121,0.09619145338174886,chair;couch;oven;refrigerator;remote,36.961915
112065,000000112065.jpg,http://images.cocodataset.org/train2017/000000112065.jpg,http://farm2.staticflickr.com/1339/663657049_3a66747e64_z.jpg,http://creativecommons.org/licenses/by-nc-sa/2.0/,640,479,0.81603125,0.20050104384133613,0.18396875,0.757160751565762,0.09539351676670145,book;chair;couch;dining table;remote;tv,36.953935
290750,000000290750.jpg,http://images.cocodataset.org/train2017/000000290750.jpg,http://farm4.staticflickr.com/3280/2534292631_6cbbd907fc_z.jpg,http://creativecommons.org/licenses/by-nc/2.0/,640,427,0.33996875000000004,0.004496487119437939,0.183,0.9637470725995315,0.09469532183108897,chair;dining table;oven;sink;tv,36.946953
201111,000000201111.jpg,http://images.cocodataset.org/train2017/000000201111.jpg,http://farm1.staticflickr.com/197/454956447_3be84690f0_z.jpg,http://creativecommons.org/licenses/by-nc-sa/2.0/,640,426,0.125640625,0.3325821596244132,0.327578125,0.6449530516431925,0.09375004126320426,chair;dining table;microwave;oven;sink,36.9375
393091,000000393091.jpg,http://images.cocodataset.org/train2017/000000393091.jpg,http://farm5.staticflickr.com/4138/4915610956_a36f49896f_z.jpg,http://creativecommons.org/licenses/by-nc-nd/2.0/,640,480,0.65,0.07364583333333334,0.306453125,0.9096875,0.18824026774088545,chair;couch;dining table;remote;tv,36.882403
477005,000000477005.jpg,http://images.cocodataset.org/train2017/000000477005.jpg,http://farm4.staticflickr.com/3789/9314984004_7541113a46_z.jpg,http://creativecommons.org/licenses/by-nc-sa/2.0/,640,480,0.005187499999999999,0.39166666666666666,0.3564375,0.5785625,0.08530137076822912,chair;dining table;microwave;oven;sink,36.853014
435091,000000435091.jpg,http://images.cocodataset.org/train2017/000000435091.jpg,http://farm4.staticflickr.com/3172/3032795819_c261e1ff05_z.jpg,http://creativecommons.org/licenses/by-nc/2.0/,640,543,0.007625,0.0,0.49381250000000004,1.0,0.28072644351404236,dining table;microwave;oven;sink,36.807264
508741,000000508741.jpg,http://images.cocodataset.org/train2017/000000508741.jpg,http://farm1.staticflickr.com/82/243735590_c5eed07327_z.jpg,http://creativecommons.org/licenses/by-nc-sa/2.0/,480,640,0.24325000000000002,0.130625,0.75675,0.855859375,0.36741899332682304,chair;couch;dining table;tv,36.67419
29161,000000029161.jpg,http://images.cocodataset.org/train2017/000000029161.jpg,http://farm4.staticflickr.com/3386/3432879027_5752a3c5a5_z.jpg,http://creativecommons.org/licenses/by-sa/2.0/,640,480,0.104453125,0.38127083333333334,0.710609375,0.6073125,0.15936663264973958,chair;couch;dining table;remote;tv,36.593666
282599,000000282599.jpg,http://images.cocodataset.org/train2017/000000282599.jpg,http://farm4.staticflickr.com/3114/3134330539_851f543530_z.jpg,http://creativecommons.org/licenses/by-nc-sa/2.0/,500,375,0.64044,0.0015733333333333333,0.28822000000000003,0.9033599999999999,0.14993365013333337,chair;couch;dining table;remote;tv,36.499337
108708,000000108708.jpg,http://images.cocodataset.org/train2017/000000108708.jpg,http://farm4.staticflickr.com/3274/3016201881_ce6e61f624_z.jpg,http://creativecommons.org/licenses/by-nc/2.0/,500,375,0.14548,0.17429333333333333,0.42094,0.8257066666666666,0.1457229616,chair;couch;dining table;remote;tv,36.45723
534468,000000534468.jpg,http://images.cocodataset.org/train2017/000000534468.jpg,http://farm9.staticflickr.com/8318/8045035975_0122d4303d_z.jpg,http://creativecommons.org/licenses/by-nc-nd/2.0/,640,480,0.02784375,0.2674166666666667,0.39831249999999996,0.7199583333333333,0.14059029492187503,book;chair;dining table;refrigerator;remote;tv,36.405903
447151,000000447151.jpg,http://images.cocodataset.org/train2017/000000447151.jpg,http://farm3.staticflickr.com/2646/5796495801_472501c42a_z.jpg,http://creativecommons.org/licenses/by-nc-sa/2.0/,640,428,0.0,0.14154205607476636,0.256328125,0.8479672897196262,0.13188775865216124,bed;couch;dining table,36.318878
506172,000000506172.jpg,http://images.cocodataset.org/train2017/000000506172.jpg,http://farm2.staticflickr.com/1396/772269275_f11b94edc8_z.jpg,http://creativecommons.org/licenses/by-nc-sa/2.0/,640,457,0.0008125000000000001,0.23144420131291027,0.461921875,0.7685557986870897,0.12393366674644422,chair;couch;dining table;remote;tv,36.239337
47074,000000047074.jpg,http://images.cocodataset.org/train2017/000000047074.jpg,http://farm8.staticflickr.com/7027/6829346683_a99b5ca3b6_z.jpg,http://creativecommons.org/licenses/by/2.0/,640,480,0.6627500000000001,0.0718125,0.31040625,0.7225833333333332,0.11841603824869792,dining table;oven;refrigerator;tv,36.18416
418736,000000418736.jpg,http://images.cocodataset.org/train2017/000000418736.jpg,http://farm3.staticflickr.com/2475/3628596780_2a6cbe77eb_z.jpg,http://creativecommons.org/licenses/by-sa/2.0/,640,426,0.07179687500000001,0.17528169014084508,0.194453125,0.8067370892018779,0.10996791740023475,chair;couch;dining table;remote;tv,36.099679
25907,000000025907.jpg,http://images.cocodataset.org/train2017/000000025907.jpg,http://farm1.staticflickr.com/176/400257717_61ef35d1dd_z.jpg,http://creativecommons.org/licenses/by-nc-sa/2.0/,500,423,0.30607999999999996,0.011229314420803783,0.47338,0.6382033096926714,0.09597725484633571,oven;refrigerator;sink;tv,35.959773
462879,000000462879.jpg,http://images.cocodataset.org/train2017/000000462879.jpg,http://farm4.staticflickr.com/3290/3016202461_480c409e97_z.jpg,http://creativecommons.org/licenses/by-nc/2.0/,500,375,0.07238,0.24533333333333332,0.22684,0.7518666666666667,0.09115051333333335,chair;couch;dining table;remote;tv,35.911505
379732,000000379732.jpg,http://images.cocodataset.org/train2017/000000379732.jpg,http://farm1.staticflickr.com/27/40624713_b69dc5e28f_z.jpg,http://creativecommons.org/licenses/by-nc-sa/2.0/,640,483,0.7155,0.4635817805383023,0.2845,0.5282194616977226,0.08883726352225678,chair;couch;dining table;refrigerator,35.888373
132973,000000132973.jpg,http://images.cocodataset.org/train2017/000000132973.jpg,http://farm3.staticflickr.com/2730/4216491802_8f5bdae0f7_z.jpg,http://creativecommons.org/licenses/by-nc-sa/2.0/,640,480,0.65034375,0.3299583333333333,0.22296875,0.6599166666666666,0.08389585091145832,chair;couch;dining table;remote;tv,35.838959
30347,000000030347.jpg,http://images.cocodataset.org/train2017/000000030347.jpg,http://farm4.staticflickr.com/3213/2967005298_1a22233f36_z.jpg,http://creativecommons.org/licenses/by/2.0/,500,375,0.02708,0.33125333333333334,0.5079,0.5846666666666667,0.1811901952,chair;couch;oven;refrigerator,35.811902
557339,000000557339.jpg,http://images.cocodataset.org/train2017/000000557339.jpg,http://farm6.staticflickr.com/5010/5219053386_16a6151347_z.jpg,http://creativecommons.org/licenses/by/2.0/,640,427,0.379328125,0.11686182669789227,0.356828125,0.7190866510538642,0.1771804275834309,dining table;microwave;oven;sink,35.771804
473320,000000473320.jpg,http://images.cocodataset.org/train2017/000000473320.jpg,http://farm1.staticflickr.com/65/199886882_988537fcb8_z.jpg,http://creativecommons.org/licenses/by-nd/2.0/,500,331,0.00596,0.1752870090634441,0.47902,0.647190332326284,0.16791178187311182,book;chair;couch;dining table;tv,35.679118
317237,000000317237.jpg,http://images.cocodataset.org/train2017/000000317237.jpg,http://farm6.staticflickr.com/5331/9514032125_9430afb6a9_z.jpg,http://creativecommons.org/licenses/by-nc-sa/2.0/,640,480,0.1925625,0.0,0.70778125,0.8085625000000001,0.3619487939453125,chair;dining table;oven;refrigerator,35.619488
445397,000000445397.jpg,http://images.cocodataset.org/train2017/000000445397.jpg,http://farm1.staticflickr.com/156/370781519_d80da350c9_z.jpg,http://creativecommons.org/licenses/by-nc-sa/2.0/,640,480,0.17528125,0.31685416666666666,0.6674218749999999,0.6719166666666666,0.16159367220052082,book;chair;microwave;oven;refrigerator;remote,35.615937
267048,000000267048.jpg,http://images.cocodataset.org/train2017/000000267048.jpg,http://farm3.staticflickr.com/2192/2320588766_b4cc4f6c88_z.jpg,http://creativecommons.org/licenses/by-nc-sa/2.0/,640,480,0.541015625,0.22472916666666667,0.455046875,0.7595416666666667,0.16029960530598955,couch;microwave;refrigerator;remote,35.602996
32611,000000032611.jpg,http://images.cocodataset.org/train2017/000000032611.jpg,http://farm4.staticflickr.com/3559/3500139154_724a9ed270_z.jpg,http://creativecommons.org/licenses/by-nc-nd/2.0/,640,480,0.54775,0.094375,0.35562499999999997,0.6988749999999999,0.14485855110677082,book;chair;couch;dining table;tv,35.448586
176392,000000176392.jpg,http://images.cocodataset.org/train2017/000000176392.jpg,http://farm4.staticflickr.com/3666/9660876214_c858a8856d_z.jpg,http://creativecommons.org/licenses/by-sa/2.0/,640,434,0.64003125,0.18490783410138248,0.35996874999999995,0.8105990783410139,0.14459051951324892,book;couch;dining table;remote;tv,35.445905
503557,000000503557.jpg,http://images.cocodataset.org/train2017/000000503557.jpg,http://farm2.staticflickr.com/1145/1343225325_32270d8c74_z.jpg,http://creativecommons.org/licenses/by-nc-sa/2.0/,640,480,0.10375000000000001,0.17147916666666668,0.63821875,0.8212708333333333,0.2312185358072917,chair;couch;dining table;remote;sink,35.312185
452806,000000452806.jpg,http://images.cocodataset.org/train2017/000000452806.jpg,http://farm2.staticflickr.com/1277/1025084752_e69db8eebf_z.jpg,http://creativecommons.org/licenses/by-nc-nd/2.0/,480,640,0.21320833333333333,0.0130625,0.44445833333333334,0.97296875,0.21786251399739584,book;dining table;refrigerator;remote;tv,35.178625
227652,000000227652.jpg,http://images.cocodataset.org/train2017/000000227652.jpg,http://farm9.staticflickr.com/8045/8101034098_0829c72c4b_z.jpg,http://creativecommons.org/licenses/by-nc-sa/2.0/,640,426,0.714984375,0.14312206572769953,0.285015625,0.8561971830985916,0.11647924075704223,chair;oven;refrigerator;remote;sink,35.164792
453680,000000453680.jpg,http://images.cocodataset.org/train2017/000000453680.jpg,http://farm3.staticflickr.com/2713/4452442400_021f0599f8_z.jpg,http://creativecommons.org/licenses/by-nc-sa/2.0/,640,427,0.18060937500000002,0.0718032786885246,0.46568750000000003,0.8545901639344263,0.20877865211504684,chair;couch;dining table;oven,35.087787
318701,000000318701.jpg,http://images.cocodataset.org/train2017/000000318701.jpg,http://farm8.staticflickr.com/7126/6935904690_2790cc32bb_z.jpg,http://creativecommons.org/licenses/by/2.0/,640,480,0.207296875,0.0445625,0.28315625,0.9415833333333333,0.10620063818359372,bed;chair;dining table;tv,35.062006
215982,000000215982.jpg,http://images.cocodataset.org/train2017/000000215982.jpg,http://farm3.staticflickr.com/2613/4211868557_acf141239f_z.jpg,http://creativecommons.org/licenses/by-nc-sa/2.0/,640,480,0.465640625,0.192625,0.221390625,0.807375,0.10499337320963542,book;couch;dining table;remote;tv,35.049934
36267,000000036267.jpg,http://images.cocodataset.org/train2017/000000036267.jpg,http://farm5.staticflickr.com/4052/4687809963_bcf14d85b9_z.jpg,http://creativecommons.org/licenses/by-nc/2.0/,640,427,0.75634375,0.28124121779859484,0.24300000000000002,0.7090632318501171,0.10042793234045667,book;chair;oven;refrigerator;remote;tv,35.004279
558142,000000558142.jpg,http://images.cocodataset.org/train2017/000000558142.jpg,http://farm1.staticflickr.com/131/341358261_0b285fd3f5_z.jpg,http://creativecommons.org/licenses/by/2.0/,500,375,0.22752,0.10973333333333334,0.36068,0.8337066666666666,0.09738234399999998,book;couch;dining table;remote;tv,34.973823
79873,000000079873.jpg,http://images.cocodataset.org/train2017/000000079873.jpg,http://farm1.staticflickr.com/50/114002404_07c32ce757_z.jpg,http://creativecommons.org/licenses/by-nc-sa/2.0/,480,640,0.06927083333333334,0.0,0.6461875,1.0,0.2960456883138022,oven;refrigerator;remote;sink,34.960457
297868,000000297868.jpg,http://images.cocodataset.org/train2017/000000297868.jpg,http://farm4.staticflickr.com/3333/3618333369_fcc42585dd_z.jpg,http://creativecommons.org/licenses/by-nc/2.0/,640,427,0.286359375,0.006065573770491803,0.4063125,0.7595316159250586,0.19047313305035127,chair;couch;dining table;tv,34.904731
222572,000000222572.jpg,http://images.cocodataset.org/train2017/000000222572.jpg,http://farm3.staticflickr.com/2495/4192453105_aef70af8c7_z.jpg,http://creativecommons.org/licenses/by-sa/2.0/,640,481,0.681109375,0.21733887733887736,0.18253124999999998,0.7826611226611226,0.08909806068087317,dining table;microwave;oven;sink,34.890981
432461,000000432461.jpg,http://images.cocodataset.org/train2017/000000432461.jpg,http://farm6.staticflickr.com/5453/9281632224_0e4bd39ffc_z.jpg,http://creativecommons.org/licenses/by-nc/2.0/,640,502,0.48079687499999996,0.006932270916334662,0.519203125,0.8836653386454184,0.28589925267679284,chair;dining table;microwave;refrigerator,34.858993
120099,000000120099.jpg,http://images.cocodataset.org/train2017/000000120099.jpg,http://farm1.staticflickr.com/209/459282725_4a2d394024_z.jpg,http://creativecommons.org/licenses/by-nc-sa/2.0/,480,640,0.40704166666666663,0.31925,0.4189375,0.571828125,0.08127794173177084,book;chair;couch;dining table;tv,34.812779
12153,000000012153.jpg,http://images.cocodataset.org/train2017/000000012153.jpg,http://farm3.staticflickr.com/2025/2346700410_135a099ae3_z.jpg,http://creativecommons.org/licenses/by-sa/2.0/,500,333,0.222,0.10537537537537539,0.50658,0.8836636636636637,0.2782210444444445,chair;dining table;oven;refrigerator,34.78221
15725,000000015725.jpg,http://images.cocodataset.org/train2017/000000015725.jpg,http://farm3.staticflickr.com/2348/1518679572_5cb32cc974_z.jpg,http://creativecommons.org/licenses/by-nc-nd/2.0/,640,480,0.198875,0.08764583333333334,0.589890625,0.896625,0.247531005859375,chair;dining table;oven;refrigerator,34.47531
325126,000000325126.jpg,http://images.cocodataset.org/train2017/000000325126.jpg,http://farm2.staticflickr.com/1403/699438993_f157b2f96c_z.jpg,http://creativecommons.org/licenses/by-nd/2.0/,640,426,0.637203125,0.0831455399061033,0.285703125,0.9146009389671361,0.14173827299735922,couch;dining table;remote;tv,34.417383
559900,000000559900.jpg,http://images.cocodataset.org/train2017/000000559900.jpg,http://farm4.staticflickr.com/3086/3133142327_4519268860_z.jpg,http://creativecommons.org/licenses/by/2.0/,500,375,0.16854,0.24269333333333334,0.35224,0.6876533333333333,0.13459321280000003,chair;couch;dining table;tv,34.345932
236671,000000236671.jpg,http://images.cocodataset.org/train2017/000000236671.jpg,http://farm6.staticflickr.com/5492/10022133976_1565498bd8_z.jpg,http://creativecommons.org/licenses/by-nc-sa/2.0/,640,480,0.508984375,0.013479166666666665,0.470234375,0.8337083333333334,0.2319810087890625,chair;dining table;refrigerator;tv,34.31981
364745,000000364745.jpg,http://images.cocodataset.org/train2017/000000364745.jpg,http://farm5.staticflickr.com/4012/4271323369_1d0eb5e0be_z.jpg,http://creativecommons.org/licenses/by/2.0/,640,480,0.0016875000000000002,0.1438125,0.684265625,0.7685416666666666,0.11478560058593751,chair;couch;dining table;tv,34.147856
307603,000000307603.jpg,http://images.cocodataset.org/train2017/000000307603.jpg,http://farm1.staticflickr.com/60/214613382_e874ec3b8d_z.jpg,http://creativecommons.org/licenses/by-nc-nd/2.0/,640,480,0.0,0.24406250000000002,0.21812499999999999,0.7449583333333333,0.11200997981770835,bed;microwave;refrigerator,34.1201
549427,000000549427.jpg,http://images.cocodataset.org/train2017/000000549427.jpg,http://farm4.staticflickr.com/3292/2338601747_c54f474bd6_z.jpg,http://creativecommons.org/licenses/by-nc/2.0/,640,480,0.04740625,0.31095833333333334,0.631484375,0.6771875,0.20995346240234375,chair;dining table;oven;refrigerator,34.099535
24436,000000024436.jpg,http://images.cocodataset.org/train2017/000000024436.jpg,http://farm1.staticflickr.com/77/214714916_3ded7da0e5_z.jpg,http://creativecommons.org/licenses/by-nc-sa/2.0/,640,480,0.5396093750000001,0.4987083333333333,0.46039062499999994,0.4883125,0.10477597884114585,chair;couch;dining table;tv,34.04776
185807,000000185807.jpg,http://images.cocodataset.org/train2017/000000185807.jpg,http://farm9.staticflickr.com/8251/8481265157_e2a3fcd9e8_z.jpg,http://creativecommons.org/licenses/by-nd/2.0/,640,480,0.31878125,0.150875,0.327109375,0.5534791666666667,0.1039360740559896,chair;couch;dining table;tv,34.039361
226442,000000226442.jpg,http://images.cocodataset.org/train2017/000000226442.jpg,http://farm3.staticflickr.com/2867/9683550543_64a2eab76c_z.jpg,http://creativecommons.org/licenses/by/2.0/,640,480,0.5561875,0.094375,0.44381250000000005,0.7528125,0.20303680338541671,chair;dining table;microwave;refrigerator,34.030368
64121,000000064121.jpg,http://images.cocodataset.org/train2017/000000064121.jpg,http://farm5.staticflickr.com/4053/5127932909_d970f00dab_z.jpg,http://creativecommons.org/licenses/by-sa/2.0/,640,480,0.35729687499999996,0.20954166666666665,0.26125,0.7775416666666667,0.0975046735026042,book;chair;dining table;oven;refrigerator,33.975047
510399,000000510399.jpg,http://images.cocodataset.org/train2017/000000510399.jpg,http://farm8.staticflickr.com/7275/8160462608_b2981a4d9d_z.jpg,http://creativecommons.org/licenses/by/2.0/,640,425,0.0,0.0,0.381828125,1.0,0.19717335698529406,chair;dining table;oven;refrigerator,33.971734
144179,000000144179.jpg,http://images.cocodataset.org/train2017/000000144179.jpg,http://farm1.staticflickr.com/123/342698256_8b4c84493c_z.jpg,http://creativecommons.org/licenses/by/2.0/,640,408,0.259296875,0.2269607843137255,0.4211875,0.7505637254901961,0.09552604204963239,chair;couch;dining table;tv,33.95526
560909,000000560909.jpg,http://images.cocodataset.org/train2017/000000560909.jpg,http://farm4.staticflickr.com/3442/3999630540_50f3ca08a0_z.jpg,http://creativecommons.org/licenses/by-nc-nd/2.0/,640,412,0.002765625,0.0023058252427184465,0.45409375,0.9870873786407767,0.1864168397299757,bed;oven;sink,33.864168
121824,000000121824.jpg,http://images.cocodataset.org/train2017/000000121824.jpg,http://farm8.staticflickr.com/7380/10268281313_08337d1c8a_z.jpg,http://creativecommons.org/licenses/by/2.0/,640,480,0.627484375,0.33560416666666665,0.33475,0.5012916666666667,0.08306182763671875,chair;couch;dining table;tv,33.830618
399879,000000399879.jpg,http://images.cocodataset.org/train2017/000000399879.jpg,http://farm9.staticflickr.com/8351/8321476840_65e9528656_z.jpg,http://creativecommons.org/licenses/by-nc/2.0/,640,480,0.092359375,0.32166666666666666,0.47660937499999995,0.6724166666666667,0.1806343645833333,chair;dining table;oven;refrigerator,33.806344
80931,000000080931.jpg,http://images.cocodataset.org/train2017/000000080931.jpg,http://farm5.staticflickr.com/4020/5163602538_138f85f4f4_z.jpg,http://creativecommons.org/licenses/by-nc-nd/2.0/,480,640,0.0,0.002453125,0.715875,0.6196875000000001,0.1752368048502604,chair;dining table;oven;refrigerator,33.752368
222453,000000222453.jpg,http://images.cocodataset.org/train2017/000000222453.jpg,http://farm1.staticflickr.com/34/113642890_2a497a1700_z.jpg,http://creativecommons.org/licenses/by-nc/2.0/,640,458,0.01128125,0.01126637554585153,0.7301249999999999,0.9864847161572052,0.2678080555745087,chair;microwave;refrigerator;tv,33.678081
214704,000000214704.jpg,http://images.cocodataset.org/train2017/000000214704.jpg,http://farm3.staticflickr.com/2667/4444559660_ef50d6d70e_z.jpg,http://creativecommons.org/licenses/by-nc-sa/2.0/,640,424,0.465984375,0.3184198113207547,0.37517187500000004,0.6629245283018868,0.14163966723172172,chair;dining table;refrigerator;tv,33.416397
489958,000000489958.jpg,http://images.cocodataset.org/train2017/000000489958.jpg,http://farm1.staticflickr.com/104/396240490_e496b8537b_z.jpg,http://creativecommons.org/licenses/by-nd/2.0/,640,480,0.31179687500000003,0.1709375,0.6,0.8179791666666667,0.2409024458007813,bed;dining table;remote;tv,33.409024
287041,000000287041.jpg,http://images.cocodataset.org/train2017/000000287041.jpg,http://farm1.staticflickr.com/143/371032054_1a011e19aa_z.jpg,http://creativecommons.org/licenses/by/2.0/,480,640,0.2546875,0.05550000000000001,0.4434375,0.9280781250000001,0.2397031175130208,chair;refrigerator;remote;sink;tv,33.397031
368746,000000368746.jpg,http://images.cocodataset.org/train2017/000000368746.jpg,http://farm4.staticflickr.com/3759/9152515050_38ee91797d_z.jpg,http://creativecommons.org/licenses/by-nc-sa/2.0/,425,640,0.06738823529411765,0.41409375,0.5221647058823529,0.572703125,0.13890962113970587,chair;dining table;oven;refrigerator,33.389096
70987,000000070987.jpg,http://images.cocodataset.org/train2017/000000070987.jpg,http://farm3.staticflickr.com/2820/9389825324_48124b8f06_z.jpg,http://creativecommons.org/licenses/by-nc/2.0/,640,480,0.6997656250000001,0.15785416666666666,0.30023437499999994,0.8421458333333334,0.13781529492187508,chair;dining table;microwave;refrigerator,33.378153
36968,000000036968.jpg,http://images.cocodataset.org/train2017/000000036968.jpg,http://farm1.staticflickr.com/87/214056945_7554495adc_z.jpg,http://creativecommons.org/licenses/by-nc-sa/2.0/,640,480,0.431453125,0.23595833333333335,0.5561875,0.7460625000000001,0.23425784619140638,chair;microwave;oven;refrigerator,33.342578
254658,000000254658.jpg,http://images.cocodataset.org/train2017/000000254658.jpg,http://farm9.staticflickr.com/8083/8322288001_e3fa702a4f_z.jpg,http://creativecommons.org/licenses/by-nc-sa/2.0/,640,480,0.46854687500000003,0.011229166666666667,0.531453125,0.9707916666666667,0.3278275681966146,microwave;refrigerator;sink,33.278276
360328,000000360328.jpg,http://images.cocodataset.org/train2017/000000360328.jpg,http://farm2.staticflickr.com/1267/688035106_613ffd4678_z.jpg,http://creativecommons.org/licenses/by-nc-sa/2.0/,640,360,0.20982812499999998,0.06702777777777777,0.628234375,0.9191111111111111,0.3225011100260417,microwave;refrigerator;sink,33.225011
445233,000000445233.jpg,http://images.cocodataset.org/train2017/000000445233.jpg,http://farm4.staticflickr.com/3080/3843146205_d3b8c0dcbb_z.jpg,http://creativecommons.org/licenses/by-nd/2.0/,640,480,0.309421875,0.0069791666666666665,0.44898437500000005,0.8654791666666667,0.22218906445312495,book;oven;refrigerator;sink,33.221891
556838,000000556838.jpg,http://images.cocodataset.org/train2017/000000556838.jpg,http://farm7.staticflickr.com/6166/6188740287_a7632a5602_z.jpg,http://creativecommons.org/licenses/by/2.0/,425,640,0.01691764705882353,0.28053125,0.3654823529411765,0.707859375,0.11209486139705882,chair;oven;refrigerator;sink,33.120949
358796,000000358796.jpg,http://images.cocodataset.org/train2017/000000358796.jpg,http://farm2.staticflickr.com/1089/5132314160_367ea25fdd_z.jpg,http://creativecommons.org/licenses/by-nc-nd/2.0/,640,480,0.091984375,0.34622916666666664,0.3050625,0.6537708333333333,0.10946712613932291,book;couch;dining table;tv,33.094671
271759,000000271759.jpg,http://images.cocodataset.org/train2017/000000271759.jpg,http://farm9.staticflickr.com/8245/8566712532_db33e9eecd_z.jpg,http://creativecommons.org/licenses/by/2.0/,612,612,0.09459150326797386,0.0011274509803921567,0.9031535947712419,0.977483660130719,0.3997309332147893,microwave;oven;refrigerator,32.997309
307884,000000307884.jpg,http://images.cocodataset.org/train2017/000000307884.jpg,http://farm3.staticflickr.com/2262/5710362794_e378842908_z.jpg,http://creativecommons.org/licenses/by/2.0/,640,481,0.0,0.41632016632016633,0.376625,0.5704781704781704,0.09944594107328482,chair;dining table;oven;refrigerator,32.994459
533452,000000533452.jpg,http://images.cocodataset.org/train2017/000000533452.jpg,http://farm5.staticflickr.com/4106/5207634704_8f8cb97830_z.jpg,http://creativecommons.org/licenses/by-nc-sa/2.0/,640,478,0.0016718750000000002,0.04698744769874477,0.6533125,0.9507740585774059,0.2916016365389644,oven;refrigerator;sink,32.916016
470976,000000470976.jpg,http://images.cocodataset.org/train2017/000000470976.jpg,http://farm3.staticflickr.com/2555/5709801009_8ca63fe853_z.jpg,http://creativecommons.org/licenses/by/2.0/,481,640,0.5795426195426195,0.095375,0.2833471933471933,0.7233906250000001,0.08658754417879423,chair;dining table;oven;refrigerator,32.865875
317022,000000317022.jpg,http://images.cocodataset.org/train2017/000000317022.jpg,http://farm1.staticflickr.com/159/330642371_4ca2f2cf97_z.jpg,http://creativecommons.org/licenses/by-nc/2.0/,500,332,0.08934,0.2635542168674699,0.6924,0.7345180722891567,0.25425323554216867,book;chair;dining table;microwave;oven;remote,32.542532
75624,000000075624.jpg,http://images.cocodataset.org/train2017/000000075624.jpg,http://farm9.staticflickr.com/8003/7315424354_95143ffda7_z.jpg,http://creativecommons.org/licenses/by-nc-sa/2.0/,640,427,0.21590625000000002,0.15505854800936766,0.472265625,0.8292037470725995,0.2535797813597775,bed;chair;couch;remote,32.535798
283012,000000283012.jpg,http://images.cocodataset.org/train2017/000000283012.jpg,http://farm2.staticflickr.com/1352/1156022697_d4eefe63a1_z.jpg,http://creativecommons.org/licenses/by-sa/2.0/,640,480,0.26568749999999997,0.0035833333333333333,0.54484375,0.9865416666666668,0.44360131184895846,bed;chair;couch,32.436013
42320,000000042320.jpg,http://images.cocodataset.org/train2017/000000042320.jpg,http://farm1.staticflickr.com/42/76547849_2027384574_z.jpg,http://creativecommons.org/licenses/by-nc-sa/2.0/,640,480,0.26568749999999997,0.050145833333333334,0.5561875,0.8224583333333333,0.23082482226562515,dining table;microwave;refrigerator,32.308248
177658,000000177658.jpg,http://images.cocodataset.org/train2017/000000177658.jpg,http://farm8.staticflickr.com/7127/7784146248_db8f43cc89_z.jpg,http://creativecommons.org/licenses/by-nc-sa/2.0/,640,480,0.042140625,0.0,0.483703125,0.8314583333333334,0.22571530826822922,chair;dining table;refrigerator;sink,32.257153
161451,000000161451.jpg,http://images.cocodataset.org/train2017/000000161451.jpg,http://farm8.staticflickr.com/7037/6860601107_e70b382f8e_z.jpg,http://creativecommons.org/licenses/by-nc-sa/2.0/,494,640,0.2145748987854251,0.053625,0.5447975708502024,0.6783125,0.2205350188195851,dining table;microwave;refrigerator,32.20535
121046,000000121046.jpg,http://images.cocodataset.org/train2017/000000121046.jpg,http://farm1.staticflickr.com/101/306862340_546ece8751_z.jpg,http://creativecommons.org/licenses/by-nc/2.0/,640,482,0.199703125,0.03145228215767635,0.55003125,0.8337136929460581,0.20129926348547714,dining table;oven;refrigerator,32.012993
507871,000000507871.jpg,http://images.cocodataset.org/train2017/000000507871.jpg,http://farm3.staticflickr.com/2618/4187586862_386d47401a_z.jpg,http://creativecommons.org/licenses/by-sa/2.0/,500,500,0.16,0.045340000000000005,0.53066,0.94932,0.3009113776,microwave;oven;refrigerator,32.009114
180141,000000180141.jpg,http://images.cocodataset.org/train2017/000000180141.jpg,http://farm5.staticflickr.com/4135/4768233995_7024ecacd3_z.jpg,http://creativecommons.org/licenses/by-nc-sa/2.0/,640,456,0.2151875,0.47673245614035087,0.32039062500000004,0.507828947368421,0.10062025476288376,book;chair;dining table;microwave;remote;sink,32.006203
443192,000000443192.jpg,http://images.cocodataset.org/train2017/000000443192.jpg,http://farm3.staticflickr.com/2329/2283086709_9e3ac27287_z.jpg,http://creativecommons.org/licenses/by-nc-nd/2.0/,640,428,0.0045156250000000005,0.035584112149532714,0.9407500000000001,0.9505607476635514,0.6587756469042056,bed;book;couch,32.0
346947,000000346947.jpg,http://images.cocodataset.org/train2017/000000346947.jpg,http://farm5.staticflickr.com/4020/4288600003_dda9db880a_z.jpg,http://creativecommons.org/licenses/by-nc-sa/2.0/,640,479,0.43128124999999995,0.2962212943632568,0.37925,0.4663674321503131,0.09995481112995823,chair;couch;dining table;sink,31.999548
156776,000000156776.jpg,http://images.cocodataset.org/train2017/000000156776.jpg,http://farm1.staticflickr.com/55/116535229_88c287e6a8_z.jpg,http://creativecommons.org/licenses/by-nc-sa/2.0/,640,480,0.4971875,0.1071875,0.463484375,0.8786458333333333,0.1957656682942709,dining table;microwave;refrigerator,31.957657
197169,000000197169.jpg,http://images.cocodataset.org/train2017/000000197169.jpg,http://farm9.staticflickr.com/8050/8146831564_165e7fee3d_z.jpg,http://creativecommons.org/licenses/by-nc-sa/2.0/,640,450,0.033359375000000004,0.31462222222222225,0.337671875,0.6725777777777778,0.09305900607638884,chair;microwave;refrigerator;tv,31.93059
305451,000000305451.jpg,http://images.cocodataset.org/train2017/000000305451.jpg,http://farm9.staticflickr.com/8020/7513585250_38f5029bef_z.jpg,http://creativecommons.org/licenses/by/2.0/,640,480,0.46284375000000005,0.005625000000000001,0.43410937499999996,0.7567708333333333,0.18736384244791668,chair;dining table;refrigerator;sink,31.873638
376859,000000376859.jpg,http://images.cocodataset.org/train2017/000000376859.jpg,http://farm8.staticflickr.com/7068/6842384322_10ddf2ed23_z.jpg,http://creativecommons.org/licenses/by-nc/2.0/,480,640,0.1645625,0.10709375000000002,0.3837291666666667,0.7523593749999999,0.1870888151041667,oven;refrigerator;sink,31.870888
49522,000000049522.jpg,http://images.cocodataset.org/train2017/000000049522.jpg,http://farm8.staticflickr.com/7174/6640947113_61225a7891_z.jpg,http://creativecommons.org/licenses/by-nd/2.0/,413,640,0.00774818401937046,0.10053125,0.6890556900726392,0.8975312499999999,0.2870272779207022,microwave;oven;refrigerator,31.870273
340220,000000340220.jpg,http://images.cocodataset.org/train2017/000000340220.jpg,http://farm4.staticflickr.com/3062/2626563168_4966f37d45_z.jpg,http://creativecommons.org/licenses/by/2.0/,500,400,0.25348,0.067425,0.6597799999999999,0.91685,0.28626785875,microwave;oven;refrigerator,31.862679
512416,000000512416.jpg,http://images.cocodataset.org/train2017/000000512416.jpg,http://farm4.staticflickr.com/3670/9062226976_ceabe7ede0_z.jpg,http://creativecommons.org/licenses/by/2.0/,640,480,0.22146875000000002,0.09749999999999999,0.5120625000000001,0.9025,0.28609608902994776,microwave;oven;refrigerator,31.860961
515750,000000515750.jpg,http://images.cocodataset.org/train2017/000000515750.jpg,http://farm1.staticflickr.com/200/511547721_27dcd4c770_z.jpg,http://creativecommons.org/licenses/by-nc-nd/2.0/,500,375,0.2582,0.0025599999999999998,0.5602999999999999,0.51992,0.18563400773333344,oven;refrigerator;sink,31.85634
569774,000000569774.jpg,http://images.cocodataset.org/train2017/000000569774.jpg,http://farm9.staticflickr.com/8433/7497282636_61bdb1291b_z.jpg,http://creativecommons.org/licenses/by-nc-nd/2.0/,640,480,0.569609375,0.0002916666666666667,0.43001562499999996,0.72825,0.18431777880859368,dining table;microwave;refrigerator,31.843178
44774,000000044774.jpg,http://images.cocodataset.org/train2017/000000044774.jpg,http://farm5.staticflickr.com/4012/4708617957_e1a128d793_z.jpg,http://creativecommons.org/licenses/by-nc-nd/2.0/,640,480,0.65878125,0.18131250000000002,0.322640625,0.8040416666666667,0.18316988378906254,microwave;refrigerator;sink,31.831699
372669,000000372669.jpg,http://images.cocodataset.org/train2017/000000372669.jpg,http://farm1.staticflickr.com/67/184036285_88822a2a78_z.jpg,http://creativecommons.org/licenses/by-nc-sa/2.0/,640,480,0.021828125,0.03225,0.712046875,0.96775,0.18313325260416663,couch;dining table;oven;remote,31.831333
57936,000000057936.jpg,http://images.cocodataset.org/train2017/000000057936.jpg,http://farm4.staticflickr.com/3191/2800352308_56f2f494ee_z.jpg,http://creativecommons.org/licenses/by-nc/2.0/,640,360,0.7255625,0.011222222222222222,0.269234375,0.8786666666666666,0.17884582812499994,dining table;oven;refrigerator,31.788458
464526,000000464526.jpg,http://images.cocodataset.org/train2017/000000464526.jpg,http://farm1.staticflickr.com/169/399647049_5442c1f927_z.jpg,http://creativecommons.org/licenses/by-nc/2.0/,480,640,0.09266666666666666,0.022421875,0.7802708333333332,0.9641249999999999,0.37769515299479184,bed;couch;remote,31.776952
252069,000000252069.jpg,http://images.cocodataset.org/train2017/000000252069.jpg,http://farm4.staticflickr.com/3112/3129580362_3225b45af2_z.jpg,http://creativecommons.org/licenses/by/2.0/,640,480,0.32792187500000003,0.138125,0.635640625,0.7376666666666666,0.17578425065104156,couch;dining table;refrigerator,31.757843
579332,000000579332.jpg,http://images.cocodataset.org/train2017/000000579332.jpg,http://farm8.staticflickr.com/7015/6585457255_2e51176c85_z.jpg,http://creativecommons.org/licenses/by-nc-sa/2.0/,640,427,0.01803125,0.24662763466042156,0.378671875,0.743231850117096,0.17561532896662765,chair;dining table;refrigerator;sink,31.756153
313246,000000313246.jpg,http://images.cocodataset.org/train2017/000000313246.jpg,http://farm6.staticflickr.com/5341/9059998639_3706aef549_z.jpg,http://creativecommons.org/licenses/by/2.0/,640,480,0.23025,0.12585416666666666,0.5028125,0.8622916666666666,0.27450625406901047,microwave;oven;refrigerator,31.745063
481144,000000481144.jpg,http://images.cocodataset.org/train2017/000000481144.jpg,http://farm6.staticflickr.com/5525/9621818120_7b510f9393_z.jpg,http://creativecommons.org/licenses/by-nc-nd/2.0/,640,408,0.361015625,0.12134803921568627,0.412578125,0.8629166666666667,0.17301656345741426,oven;refrigerator;sink,31.730166
78642,000000078642.jpg,http://images.cocodataset.org/train2017/000000078642.jpg,http://farm8.staticflickr.com/7273/7497279418_b6e7080fd5_z.jpg,http://creativecommons.org/licenses/by-nc-nd/2.0/,640,480,0.344828125,0.0005,0.43146874999999996,0.7064374999999999,0.16828490445963548,dining table;oven;refrigerator,31.682849
82301,000000082301.jpg,http://images.cocodataset.org/train2017/000000082301.jpg,http://farm4.staticflickr.com/3252/2718326308_287ea57358_z.jpg,http://creativecommons.org/licenses/by-nc/2.0/,640,480,0.13482812500000002,0.13483333333333333,0.8651718749999999,0.8382083333333333,0.3652587381184896,book;chair;couch;dining table;remote,31.652587
22857,000000022857.jpg,http://images.cocodataset.org/train2017/000000022857.jpg,http://farm6.staticflickr.com/5322/9725172943_f527c9ffd4_z.jpg,http://creativecommons.org/licenses/by/2.0/,640,424,0.20573437499999997,0.02462264150943396,0.43443750000000003,0.9753773584905661,0.16449444557045986,oven;refrigerator;sink,31.644944
525012,000000525012.jpg,http://images.cocodataset.org/train2017/000000525012.jpg,http://farm8.staticflickr.com/7373/9572056232_43639338f3_z.jpg,http://creativecommons.org/licenses/by/2.0/,612,612,0.3030392156862745,0.06107843137254902,0.3252777777777778,0.9317483660130719,0.16389891895211242,oven;refrigerator;sink,31.638989
574769,000000574769.jpg,http://images.cocodataset.org/train2017/000000574769.jpg,http://farm8.staticflickr.com/7010/6728227647_3d5a0d55ee_z.jpg,http://creativecommons.org/licenses/by-nc-nd/2.0/,480,640,0.21525,0.20851562499999998,0.4813125,0.659203125,0.16110956852213543,oven;refrigerator;sink,31.611096
339575,000000339575.jpg,http://images.cocodataset.org/train2017/000000339575.jpg,http://farm4.staticflickr.com/3287/2517209231_1e0dca9cc1_z.jpg,http://creativecommons.org/licenses/by/2.0/,480,640,0.15095833333333333,0.1658125,0.8490416666666667,0.8341875,0.3577518391927081,bed;chair;couch,31.577518
265253,000000265253.jpg,http://images.cocodataset.org/train2017/000000265253.jpg,http://farm2.staticflickr.com/1001/1390229844_e41eca6e5f_z.jpg,http://creativecommons.org/licenses/by-nc-sa/2.0/,480,640,0.13145833333333334,0.228375,0.47675,0.538203125,0.15448147509765628,chair;dining table;refrigerator;sink,31.544815
425325,000000425325.jpg,http://images.cocodataset.org/train2017/000000425325.jpg,http://farm4.staticflickr.com/3582/3395512880_0d15e47818_z.jpg,http://creativecommons.org/licenses/by-nc-sa/2.0/,640,480,0.40821874999999996,0.33679166666666666,0.43324999999999997,0.6632083333333333,0.1539042862955729,bed;chair;couch;remote,31.539043
107157,000000107157.jpg,http://images.cocodataset.org/train2017/000000107157.jpg,http://farm7.staticflickr.com/6058/6399598865_bed1f74410_z.jpg,http://creativecommons.org/licenses/by/2.0/,640,480,0.08634375,0.27258333333333334,0.41309375,0.7133125,0.15283437532552088,oven;refrigerator;sink,31.528344
3580,000000003580.jpg,http://images.cocodataset.org/train2017/000000003580.jpg,http://farm2.staticflickr.com/1129/1156763858_ef28abb749_z.jpg,http://creativecommons.org/licenses/by-sa/2.0/,640,480,0.0,0.17470833333333333,1.0,0.8143125,0.4469396095377603,chair;couch;dining table;remote,31.469396
381533,000000381533.jpg,http://images.cocodataset.org/train2017/000000381533.jpg,http://farm4.staticflickr.com/3584/3345997444_e4b471bb41_z.jpg,http://creativecommons.org/licenses/by-nc-sa/2.0/,640,480,0.1938125,0.3906458333333333,0.8061875000000001,0.5527916666666666,0.24486897932942717,bed;book;couch;remote,31.44869
402233,000000402233.jpg,http://images.cocodataset.org/train2017/000000402233.jpg,http://farm8.staticflickr.com/7096/7300020498_4fac913358_z.jpg,http://creativecommons.org/licenses/by/2.0/,640,480,0.0455,0.37527083333333333,0.3994375,0.6135,0.13458974039713548,oven;refrigerator;sink,31.345897
419700,000000419700.jpg,http://images.cocodataset.org/train2017/000000419700.jpg,http://farm3.staticflickr.com/2662/4108137490_3900d6ccb5_z.jpg,http://creativecommons.org/licenses/by-nc/2.0/,640,480,0.3869375,0.000875,0.451765625,0.9991249999999999,0.23457076676432279,microwave;oven;refrigerator,31.345708
521334,000000521334.jpg,http://images.cocodataset.org/train2017/000000521334.jpg,http://farm1.staticflickr.com/101/313979221_cd4415064b_z.jpg,http://creativecommons.org/licenses/by-nc-sa/2.0/,480,640,0.2786458333333333,0.10112499999999999,0.4164791666666667,0.6674218749999999,0.13120490120442704,oven;refrigerator;sink,31.312049
1271,000000001271.jpg,http://images.cocodataset.org/train2017/000000001271.jpg,http://farm3.staticflickr.com/2449/3871897101_83204e4473_z.jpg,http://creativecommons.org/licenses/by-nc-nd/2.0/,640,492,0.6823750000000001,0.1033739837398374,0.316140625,0.8764024390243902,0.12893641196646344,oven;refrigerator;sink,31.289364
286876,000000286876.jpg,http://images.cocodataset.org/train2017/000000286876.jpg,http://farm4.staticflickr.com/3267/2645016348_0e35e56744_z.jpg,http://creativecommons.org/licenses/by-nc-nd/2.0/,640,427,0.0044843750000000005,0.09182669789227166,0.39642187500000003,0.8811475409836066,0.22751509148126464,microwave;oven;refrigerator,31.275151
421542,000000421542.jpg,http://images.cocodataset.org/train2017/000000421542.jpg,http://farm2.staticflickr.com/1045/3169169893_a19fbaf26d_z.jpg,http://creativecommons.org/licenses/by-nc-nd/2.0/,640,427,0.571015625,0.13175644028103045,0.29903124999999997,0.8581030444964872,0.12349833870023418,oven;refrigerator;sink,31.234983
40911,000000040911.jpg,http://images.cocodataset.org/train2017/000000040911.jpg,http://farm8.staticflickr.com/7070/6923137523_2f01643a34_z.jpg,http://creativecommons.org/licenses/by-nc-nd/2.0/,640,425,0.138515625,0.09192941176470588,0.372078125,0.7056235294117646,0.12285354834558829,oven;refrigerator;sink,31.228535
219075,000000219075.jpg,http://images.cocodataset.org/train2017/000000219075.jpg,http://farm4.staticflickr.com/3088/2582775516_9e89c102fe_z.jpg,http://creativecommons.org/licenses/by-nc-nd/2.0/,640,480,0.52596875,0.2051875,0.21818749999999998,0.7818333333333333,0.12255069547526042,dining table;refrigerator;sink;tv,31.225507
535106,000000535106.jpg,http://images.cocodataset.org/train2017/000000535106.jpg,http://farm3.staticflickr.com/2118/2274945954_81fa42b7bf_z.jpg,http://creativecommons.org/licenses/by-nc-sa/2.0/,640,403,0.232703125,0.01630272952853598,0.41807812499999997,0.9683126550868487,0.21993261941687348,bed;book;chair;couch,31.199326
80821,000000080821.jpg,http://images.cocodataset.org/train2017/000000080821.jpg,http://farm3.staticflickr.com/2117/2901784549_76853f034c_z.jpg,http://creativecommons.org/licenses/by-nc-sa/2.0/,640,480,0.188703125,0.02354166666666667,0.383875,0.8237708333333333,0.2182056194661458,bed;book;couch;remote,31.182056
505818,000000505818.jpg,http://images.cocodataset.org/train2017/000000505818.jpg,http://farm1.staticflickr.com/173/442562896_b4cd7792a7_z.jpg,http://creativecommons.org/licenses/by-nc-sa/2.0/,640,480,0.0974375,0.06125,0.21834375,0.8486666666666667,0.11810864257812502,couch;dining table;remote;tv,31.181086
337354,000000337354.jpg,http://images.cocodataset.org/train2017/000000337354.jpg,http://farm6.staticflickr.com/5052/5452623642_042e8160b2_z.jpg,http://creativecommons.org/licenses/by-nc-nd/2.0/,640,480,0.23932812499999997,0.017979166666666668,0.237640625,0.8629166666666667,0.11396687890625001,microwave;refrigerator;sink,31.139669
375528,000000375528.jpg,http://images.cocodataset.org/train2017/000000375528.jpg,http://farm6.staticflickr.com/5325/7007171162_685e9bb4a0_z.jpg,http://creativecommons.org/licenses/by-nc-sa/2.0/,640,480,0.585796875,0.26608333333333334,0.22953125000000002,0.7212708333333333,0.11219327522786463,oven;refrigerator;sink,31.121933
37244,000000037244.jpg,http://images.cocodataset.org/train2017/000000037244.jpg,http://farm5.staticflickr.com/4052/4315639952_5a0e329a0e_z.jpg,http://creativecommons.org/licenses/by/2.0/,480,640,0.006,0.27865625,0.5752708333333333,0.705609375,0.21216457438151043,microwave;oven;refrigerator,31.121646
180787,000000180787.jpg,http://images.cocodataset.org/train2017/000000180787.jpg,http://farm9.staticflickr.com/8141/7277865694_9f32c7268d_z.jpg,http://creativecommons.org/licenses/by-nc-nd/2.0/,640,480,0.0,0.14635416666666667,0.23878125,0.8536458333333333,0.11100306217447918,dining table;oven;refrigerator,31.110031
505309,000000505309.jpg,http://images.cocodataset.org/train2017/000000505309.jpg,http://farm3.staticflickr.com/2888/9535649240_1c3072407b_z.jpg,http://creativecommons.org/licenses/by-nc-sa/2.0/,640,480,0.36309375,0.0,0.315390625,0.5508333333333333,0.10969145263671874,dining table;oven;refrigerator,31.096915
193047,000000193047.jpg,http://images.cocodataset.org/train2017/000000193047.jpg,http://farm8.staticflickr.com/7206/6990607251_b2526ac910_z.jpg,http://creativecommons.org/licenses/by-nc-nd/2.0/,425,640,0.28214117647058823,0.175515625,0.5030823529411764,0.814890625,0.20706541544117657,microwave;oven;refrigerator,31.070654
74127,000000074127.jpg,http://images.cocodataset.org/train2017/000000074127.jpg,http://farm7.staticflickr.com/6041/6349654646_a6f1566484_z.jpg,http://creativecommons.org/licenses/by-nc/2.0/,640,480,0.0031406249999999998,0.15675,0.22953125000000002,0.7190833333333334,0.10682271142578123,dining table;oven;refrigerator,31.068227
558671,000000558671.jpg,http://images.cocodataset.org/train2017/000000558671.jpg,http://farm2.staticflickr.com/1012/4606138925_1e95c477dc_z.jpg,http://creativecommons.org/licenses/by-nc-nd/2.0/,640,480,0.264015625,0.04170833333333333,0.19675,0.9394583333333333,0.101900498046875,oven;refrigerator;sink,31.019005
344814,000000344814.jpg,http://images.cocodataset.org/train2017/000000344814.jpg,http://farm3.staticflickr.com/2033/2036315233_658b626d3e_z.jpg,http://creativecommons.org/licenses/by-sa/2.0/,640,427,0.0,0.0014988290398126464,1.0,0.9887822014051522,0.680187715346897,bed;couch,31.0
504621,000000504621.jpg,http://images.cocodataset.org/train2017/000000504621.jpg,http://farm1.staticflickr.com/39/83952924_c79220807b_z.jpg,http://creativecommons.org/licenses/by-nc-nd/2.0/,640,480,0.10112499999999999,0.008604166666666666,0.898875,0.9797916666666667,0.5717455112304687,bed;couch,31.0
433122,000000433122.jpg,http://images.cocodataset.org/train2017/000000433122.jpg,http://farm6.staticflickr.com/5027/5594672016_2392243384_z.jpg,http://creativecommons.org/licenses/by/2.0/,640,478,0.083734375,0.1539539748953975,0.9143281249999999,0.8363389121338912,0.564084012977249,bed;couch,31.0
296524,000000296524.jpg,http://images.cocodataset.org/train2017/000000296524.jpg,http://farm5.staticflickr.com/4001/4494765991_7fd2cc5a8a_z.jpg,http://creativecommons.org/licenses/by-nc-sa/2.0/,480,640,0.017979166666666668,0.031453125,0.8898958333333333,0.9550625,0.5077311051432291,chair;couch;refrigerator,31.0
263878,000000263878.jpg,http://images.cocodataset.org/train2017/000000263878.jpg,http://farm3.staticflickr.com/2809/9690617959_21d74ffa1c_z.jpg,http://creativecommons.org/licenses/by-nc/2.0/,640,480,0.00671875,0.09416666666666668,0.230390625,0.8722083333333334,0.09933478743489585,chair;dining table;refrigerator;sink,30.993348
328427,000000328427.jpg,http://images.cocodataset.org/train2017/000000328427.jpg,http://farm1.staticflickr.com/106/277784121_3d66dd08bb_z.jpg,http://creativecommons.org/licenses/by-nc-nd/2.0/,640,480,0.364046875,0.13933333333333334,0.23595312499999999,0.8606666666666667,0.09688148030598956,book;microwave;oven;refrigerator,30.968815
92001,000000092001.jpg,http://images.cocodataset.org/train2017/000000092001.jpg,http://farm6.staticflickr.com/5289/5362433451_d07b4316bb_z.jpg,http://creativecommons.org/licenses/by-nc-sa/2.0/,427,640,0.0673536299765808,0.1479375,0.5389227166276347,0.8427031250000001,0.2935159643954919,bed;couch;remote,30.93516
461722,000000461722.jpg,http://images.cocodataset.org/train2017/000000461722.jpg,http://farm9.staticflickr.com/8064/8243025798_c3bd7e2e63_z.jpg,http://creativecommons.org/licenses/by-nc/2.0/,640,480,0.042046875,0.018208333333333333,0.432171875,0.9528958333333333,0.2931453346354167,chair;dining table;microwave;sink,30.931453
287119,000000287119.jpg,http://images.cocodataset.org/train2017/000000287119.jpg,http://farm9.staticflickr.com/8161/7302270132_86cfbd1385_z.jpg,http://creativecommons.org/licenses/by-nd/2.0/,640,480,0.043625000000000004,0.002458333333333333,0.610734375,0.9865625,0.2904521000976562,bed;chair;couch,30.904521
240101,000000240101.jpg,http://images.cocodataset.org/train2017/000000240101.jpg,http://farm6.staticflickr.com/5251/5430009342_db8f58ca8a_z.jpg,http://creativecommons.org/licenses/by/2.0/,463,640,0.0496976241900648,0.03078125,0.6864794816414687,0.9692187499999999,0.389819300924676,chair;couch;dining table;remote,30.898193
448761,000000448761.jpg,http://images.cocodataset.org/train2017/000000448761.jpg,http://farm4.staticflickr.com/3286/3088619736_73c75a2976_z.jpg,http://creativecommons.org/licenses/by-nc-sa/2.0/,640,480,0.236109375,0.25083333333333335,0.561515625,0.6719583333333333,0.18977004280598958,microwave;oven;refrigerator,30.8977
88136,000000088136.jpg,http://images.cocodataset.org/train2017/000000088136.jpg,http://farm5.staticflickr.com/4037/4580668473_881f0cb99c_z.jpg,http://creativecommons.org/licenses/by-nc-sa/2.0/,640,480,0.37415625,0.0016875000000000002,0.25903125,0.7246041666666667,0.0892585997721354,oven;refrigerator;sink,30.892586
427832,000000427832.jpg,http://images.cocodataset.org/train2017/000000427832.jpg,http://farm4.staticflickr.com/3666/9731834123_e9b602c862_z.jpg,http://creativecommons.org/licenses/by-nc-sa/2.0/,640,425,0.6093437500000001,0.25698823529411763,0.20446875000000003,0.7322823529411765,0.08873339558823527,oven;refrigerator;sink,30.887334
